???,444068325,2008-9-30 AM10:27,??,1,0,None,0,0,yes,yes
ringamei,578428085,2008-9-30 AM10:37,??,1,0,None,0,0,yes,yes
??128502,456513852,2008-9-30 AM10:43,??,1,0,None,0,0,yes,yes
xiemeng0459,898646149,2008-9-30 AM10:53,??,1,0,None,0,0,yes,yes
???,218436689,2008-9-30 AM11:02,??,1,0,None,0,0,yes,yes
???007,544948025,2008-9-30 AM11:09,??,1,0,None,0,0,yes,yes
xthg,225688941,2008-9-30 AM11:11,??,1,0,None,0,0,yes,yes
emma614,427440987,2008-9-30 AM11:13,??,1,0,None,0,0,yes,yes
13918308712,892575543,2008-9-30 AM11:20,??,1,0,None,0,0,yes,yes
??????,883109693,2008-9-30 AM11:23,??,1,0,None,0,0,yes,yes
jennynet,170831491,2008-9-30 AM11:29,??,1,0,None,0,0,yes,yes
?????,950375576,2008-9-30 AM11:39,??,1,0,None,0,0,yes,yes
murong1121,652836700,2008-9-30 AM11:40,??,1,0,None,0,0,yes,yes
mubei119,448731522,2008-9-30 AM11:41,??,1,0,None,0,0,yes,yes
ichigoice,647376601,2008-9-30 AM11:47,??,1,0,None,0,0,yes,yes
?????,305489610,2008-9-30 AM11:54,??,1,0,None,0,0,yes,yes
vivi841211,745613406,2008-9-30 PM12:17,??,1,0,None,0,0,yes,yes
007ya,493354930,2008-9-30 PM12:21,??,1,0,None,0,0,yes,yes
Amber55,998387582,2008-9-30 PM12:22,??,1,0,None,0,0,yes,yes
jhyaliwei,872337358,2008-9-30 PM12:50,??,1,0,None,0,0,yes,yes
sherlyme,341998697,2008-9-30 PM12:57,??,1,0,None,0,0,yes,yes
???,592342015,2008-9-30 PM12:58,??,1,0,None,0,0,yes,yes
weiyi1128,277430892,2008-9-30 PM1:02,??,1,0,None,0,0,yes,yes
agathacindy,772775779,2008-9-30 PM1:13,??,1,0,None,0,0,yes,yes
melissamicky,816381446,2008-9-30 PM1:29,??,1,0,None,0,0,yes,yes
queeniyao,570414638,2008-9-30 PM1:47,??,1,0,None,0,0,yes,yes
qiulongyu,423478590,2008-9-30 PM1:50,??,1,0,None,0,0,yes,yes
ra???,503935963,2008-9-30 PM1:51,??,1,0,None,0,0,yes,yes
leeabc,884997039,2008-9-30 PM1:51,??,1,0,None,0,0,yes,yes
ddsedith,477067970,2008-9-30 PM2:08,??,1,0,None,0,0,yes,yes
adge,118005097,2008-9-30 PM2:13,??,1,0,None,0,0,yes,yes
??,922448625,2008-9-30 PM2:26,??,1,0,None,0,0,yes,yes
???,198804541,2008-9-30 PM2:30,??,1,0,None,0,0,yes,yes
333lovely,404096063,2008-9-30 PM2:42,??,1,0,None,0,0,yes,yes
liling333,411140805,2008-9-30 PM2:46,??,1,0,None,0,0,yes,yes
2350huan,929910085,2008-9-30 PM2:49,??,1,0,None,0,0,yes,yes
???,599688420,2008-9-30 PM2:53,??,1,0,None,0,0,yes,yes
Eternity_?,213491588,2008-9-30 PM3:01,??,1,0,None,0,0,yes,yes
juicy41,954249198,2008-9-30 PM3:02,??,1,0,None,0,0,yes,yes
spohine,554505024,2008-9-30 PM3:03,??,1,0,None,0,0,yes,yes
tiffany_21,507869651,2008-9-30 PM3:03,??,1,0,None,0,0,yes,yes
763408365,804527651,2008-9-30 PM3:04,??,1,0,None,0,0,yes,yes
lindongmei,562032582,2008-9-30 PM3:23,??,1,0,None,0,0,yes,yes
linlu08,269831757,2008-9-30 PM3:29,??,1,0,None,0,0,yes,yes
sherrypotter,952754058,2008-9-30 PM3:55,??,1,0,None,0,0,yes,yes
yudouguyu,897378590,2008-9-30 PM4:01,??,1,0,None,0,0,yes,yes
lxyzgr2,543674570,2008-9-30 PM4:04,??,1,0,None,0,0,yes,yes
55555kimi,217191585,2008-9-30 PM4:05,??,1,0,None,0,0,yes,yes
liyinxing,992572675,2008-9-30 PM4:06,??,1,0,None,0,0,yes,yes
yuanjingna,372660916,2008-9-30 PM4:06,??,1,0,None,0,0,yes,yes
S2even7,585744650,2008-9-30 PM4:07,??,1,0,None,0,0,yes,yes
jghhenry,467826106,2008-9-30 PM4:09,??,1,0,None,0,0,yes,yes
md647,798245536,2008-9-30 PM4:09,??,1,0,None,0,0,yes,yes
qiuxiaoyu,549324520,2008-9-30 PM4:11,??,1,0,None,0,0,yes,yes
chhsx,424600933,2008-9-30 PM4:13,??,1,0,None,0,0,yes,yes
313775822,749485223,2008-9-30 PM4:20,??,1,0,None,0,0,yes,yes
?????,475652365,2008-9-30 PM4:21,??,1,0,None,0,0,yes,yes
??1122,105033500,2008-9-30 PM4:25,??,1,0,None,0,0,yes,yes
???,725977047,2008-9-30 PM4:25,??,1,0,None,0,0,yes,yes
zhou1122,603418806,2008-9-30 PM4:27,??,1,0,None,0,0,yes,yes
Yuxin1840,394141402,2008-9-30 PM4:29,??,1,0,None,0,0,yes,yes
ppxiaoshuang,399304750,2008-9-30 PM4:37,??,1,0,None,0,0,yes,yes
qinhan73,314386041,2008-9-30 PM4:38,??,1,0,None,0,0,yes,yes
carol721,730612677,2008-9-30 PM4:48,??,1,0,None,0,0,yes,yes
??????,244795917,2008-9-30 PM4:54,??,1,0,None,0,0,yes,yes
lindalinda95,329660877,2008-9-30 PM5:09,??,1,0,None,0,0,yes,yes
???,992146682,2008-9-30 PM5:16,??,1,0,None,0,0,yes,yes
378876849,244204427,2008-9-30 PM5:21,??,1,0,None,0,0,yes,yes
versacei2016,972253735,2008-9-30 PM5:52,??,1,0,None,0,0,yes,yes
??????,622508561,2008-9-30 PM5:55,??,1,0,None,0,0,yes,yes
??????,364384004,2008-9-30 PM5:59,??,1,0,None,0,0,yes,yes
babeeebear,521495773,2008-9-30 PM6:07,??,1,0,None,0,0,yes,yes
???,384214587,2008-9-30 PM7:00,??,1,0,None,0,0,yes,yes
???,263367604,2008-9-30 PM9:17,??,1,1,http://weibo.com/u/1684474220,47,452,yes,yes
????,909516017,2008-10-1 AM9:52,??,1,0,None,0,0,yes,yes
haoli1204,244374828,2008-10-1 AM10:04,??,1,0,None,0,0,yes,yes
?????,257096349,2008-10-1 AM10:07,??,1,0,None,0,0,yes,yes
daihuan11,307481066,2008-10-1 AM10:07,??,1,0,None,0,0,yes,yes
liulinjie,389146887,2008-10-1 AM10:08,??,1,0,None,0,0,yes,yes
Tiffany_5,167691915,2008-10-1 AM10:09,??,1,0,None,0,0,yes,yes
Vincent_L,374173525,2008-10-1 AM10:09,??,1,0,None,0,0,yes,yes
lilostitch25,218263232,2008-10-1 AM10:10,??,1,0,None,0,0,yes,yes
??,795420380,2008-10-1 AM10:28,??,1,0,None,0,0,yes,yes
fanlifl82,758617387,2008-10-1 AM10:51,??,1,0,None,0,0,yes,yes
Echo_Z7,497367369,2008-10-1 AM10:52,??,1,0,None,0,0,yes,yes
lyggj716,996823642,2008-10-1 AM10:55,??,1,0,None,0,0,yes,yes
???,894952059,2008-10-1 AM10:58,??,1,0,None,0,0,yes,yes
????,565588333,2008-10-1 AM11:01,??,1,0,None,0,0,yes,yes
yaoyiying,124262132,2008-10-1 AM11:26,??,1,0,None,0,0,yes,yes
fanhuan,242065681,2008-10-1 PM12:05,??,1,0,None,0,0,yes,yes
nana_life,609965921,2008-10-1 PM12:06,??,1,0,None,0,0,yes,yes
judithwly,327965024,2008-10-1 PM12:13,??,1,0,None,0,0,yes,yes
????,288360572,2008-10-1 PM12:25,??,1,0,None,0,0,yes,yes
wxywxywxywxy,615321764,2008-10-1 PM12:36,??,1,0,None,0,0,yes,yes
cangcaoqiqi,990828176,2008-10-1 PM12:40,??,1,0,None,0,0,yes,yes
yuyu12,688343766,2008-10-1 PM2:08,??,1,0,None,0,0,yes,yes
zengzh1,398994149,2008-10-1 PM2:09,??,1,0,None,0,0,yes,yes
champ1993,358321074,2008-10-1 PM2:30,??,1,0,None,0,0,yes,yes
deecoocy,492089007,2008-10-1 PM2:32,??,1,0,None,0,0,yes,yes
?????,227909550,2008-10-1 PM2:35,??,1,0,None,0,0,yes,yes
????,344970881,2008-10-1 PM2:38,??,1,0,None,0,0,yes,yes
xuxiaohei,467591687,2008-10-1 PM3:15,??,1,0,None,0,0,yes,yes
??,447670677,2008-10-1 PM4:21,??,1,0,None,0,0,yes,yes
???,385558330,2008-10-1 PM4:34,??,1,0,None,0,0,yes,yes
malfoy123,879351664,2008-10-1 PM4:41,??,1,0,None,0,0,yes,yes
qiansemm,317304172,2008-10-1 PM4:50,??,1,0,None,0,0,yes,yes
mikazhangdan,312596975,2008-10-1 PM4:53,??,1,0,None,0,0,yes,yes
??123456,179867398,2008-10-1 PM4:57,??,1,0,None,0,0,yes,yes
seen125,512075780,2008-10-1 PM5:07,??,1,0,None,0,0,yes,yes
Solphic111,529248853,2008-10-1 PM5:10,??,1,0,None,0,0,yes,yes
hongxinwei,887325643,2008-10-1 PM5:15,??,1,0,None,0,0,yes,yes
Link21gun,741077185,2008-10-1 PM5:23,??,1,0,None,0,0,yes,yes
bhy2816,172326105,2008-10-1 PM5:23,??,1,0,None,0,0,yes,yes
641726440,388990900,2008-10-1 PM5:33,??,1,0,None,0,0,yes,yes
machenqi,920147078,2008-10-1 PM6:14,??,1,0,None,0,0,yes,yes
?aa?,631237489,2008-10-1 PM7:37,??,1,0,None,0,0,yes,yes
zhwisdom,102901031,2008-10-1 PM7:50,??,1,0,None,0,0,yes,yes
kevin?,262899135,2008-10-1 PM7:51,??,1,0,None,0,0,yes,yes
zhangcaspar,476936878,2008-10-1 PM7:52,??,1,0,None,0,0,yes,yes
hy343906236,726625733,2008-10-1 PM8:20,??,1,0,None,0,0,yes,yes
wangjiqidai,694607746,2008-10-1 PM8:21,??,1,0,None,0,0,yes,yes
muzamh,945729029,2008-10-1 PM8:32,??,1,0,None,0,0,yes,yes
?????,808361595,2008-10-2 AM10:04,??,1,0,None,0,0,yes,yes
lemonade110,949061146,2008-10-2 AM10:06,??,1,0,None,0,0,yes,yes
beven,355842101,2008-10-2 AM10:09,??,1,0,None,0,0,yes,yes
stereal,775286068,2008-10-2 AM10:36,??,1,0,None,0,0,yes,yes
?????,672394570,2008-10-2 AM10:37,??,1,0,None,0,0,yes,yes
benyy,703430091,2008-10-2 AM10:37,??,1,0,None,0,0,yes,yes
cherry8817,660555030,2008-10-2 AM10:45,??,1,0,None,0,0,yes,yes
micqi,138657001,2008-10-2 AM10:50,??,1,0,None,0,0,yes,yes
?????,762693317,2008-10-2 AM10:51,??,1,0,None,0,0,yes,yes
????,790382397,2008-10-2 AM10:52,??,1,0,None,0,0,yes,yes
yan_123,260608339,2008-10-2 AM11:08,??,1,0,None,0,0,yes,yes
88669555,788977191,2008-10-2 AM11:14,??,1,0,None,0,0,yes,yes
18708997070,353334677,2008-10-2 AM11:19,??,1,0,None,0,0,yes,yes
super_gmm,225838577,2008-10-2 AM11:23,??,1,0,None,0,0,yes,yes
choco.in,500685045,2008-10-2 AM11:23,??,1,0,None,0,0,yes,yes
momocyq,907752306,2008-10-2 AM11:23,??,1,0,None,0,0,yes,yes
ppppp123,761136970,2008-10-2 AM11:27,??,1,0,None,0,0,yes,yes
????,986155360,2008-10-2 AM11:27,??,1,0,None,0,0,yes,yes
charlottegmm,512608196,2008-10-2 AM11:28,??,1,0,None,0,0,yes,yes
yujiaqi123,396108628,2008-10-2 AM11:29,??,1,0,None,0,0,yes,yes
juan11veron,898262612,2008-10-2 AM11:32,??,1,0,None,0,0,yes,yes
smile88,206960887,2008-10-2 AM11:33,??,1,0,None,0,0,yes,yes
?????,975777492,2008-10-2 AM11:34,??,1,1,http://weibo.com/u/1516813502,579,3511,yes,yes
laroky,360633045,2008-10-2 AM11:42,??,1,0,None,0,0,yes,yes
cheeeeer,158546434,2008-10-2 AM11:43,??,1,0,None,0,0,yes,yes
paulzhang90,154874876,2008-10-2 AM11:45,??,1,0,None,0,0,yes,yes
liangcrystal,396091465,2008-10-2 AM11:45,??,1,0,None,0,0,yes,yes
Jennifer_Liu,231268478,2008-10-2 PM12:02,??,1,0,None,0,0,yes,yes
pku??,908404115,2008-10-2 PM12:14,??,1,0,None,0,0,yes,yes
13589,863719880,2008-10-2 PM12:22,??,1,0,None,0,0,yes,yes
once9cm,292168147,2008-10-2 PM12:35,??,1,0,None,0,0,yes,yes
wjy1012,151558418,2008-10-2 PM12:43,??,1,0,None,0,0,yes,yes
gu63,523226783,2008-10-2 PM12:44,??,1,0,None,0,0,yes,yes
mayday8023,665935333,2008-10-2 PM12:44,??,1,0,None,0,0,yes,yes
mgdyn,489262696,2008-10-2 PM12:46,??,1,0,None,0,0,yes,yes
sjf102586,494587443,2008-10-2 PM12:46,??,1,0,None,0,0,yes,yes
Jessie_yoga,219327476,2008-10-2 PM12:46,??,1,0,None,0,0,yes,yes
Maydaykimi,336432914,2008-10-2 PM12:47,??,1,0,None,0,0,yes,yes
lovashin,224776305,2008-10-2 PM12:55,??,1,0,None,0,0,yes,yes
lingjiepang,204842381,2008-10-2 PM12:56,??,1,0,None,0,0,yes,yes
ylhqr2,675004041,2008-10-2 PM12:56,??,1,0,None,0,0,yes,yes
??1989,798363939,2008-10-2 PM12:56,??,1,0,None,0,0,yes,yes
???,263905174,2008-10-2 PM12:59,??,1,0,None,0,0,yes,yes
gasper0706,553455756,2008-10-2 PM12:59,??,1,0,None,0,0,yes,yes
????,797847697,2008-10-2 PM1:04,??,1,0,None,0,0,yes,yes
find??ing,970497419,2008-10-2 PM1:05,??,1,0,None,0,0,yes,yes
Zhangjee,465498808,2008-10-2 PM1:06,??,1,0,None,0,0,yes,yes
iSherlocklh,877250131,2008-10-2 PM1:09,??,1,0,None,0,0,yes,yes
summeryashin,190595071,2008-10-2 PM1:15,??,1,0,None,0,0,yes,yes
yejianhua,869414547,2008-10-2 PM1:19,??,1,0,None,0,0,yes,yes
NN123589,323139401,2008-10-2 PM1:21,??,1,0,None,0,0,yes,yes
???123456,265181735,2008-10-2 PM1:22,??,1,0,None,0,0,yes,yes
cecilia0516,420961939,2008-10-2 PM1:23,??,1,0,None,0,0,yes,yes
zuluchao,291143271,2008-10-2 PM1:23,??,1,0,None,0,0,yes,yes
ck123456a,771601964,2008-10-2 PM1:24,??,1,0,None,0,0,yes,yes
DiasyCheng,739131715,2008-10-2 PM1:25,??,1,0,None,0,0,yes,yes
dyj00,511469660,2008-10-2 PM1:28,??,1,0,None,0,0,yes,yes
747184076,644775912,2008-10-2 PM1:49,??,1,0,None,0,0,yes,yes
ppcat0412,520467427,2008-10-2 PM1:57,??,1,0,None,0,0,yes,yes
closeupthl,586395508,2008-10-2 PM1:57,??,1,0,None,0,0,yes,yes
fayeegg88,437950176,2008-10-2 PM1:57,??,1,0,None,0,0,yes,yes
??123,197196007,2008-10-2 PM2:00,??,1,0,None,0,0,yes,yes
tokiraito,170624238,2008-10-2 PM2:01,??,1,0,None,0,0,yes,yes
luu005,122420795,2008-10-2 PM2:01,??,1,0,None,0,0,yes,yes
papa???,704270693,2008-10-2 PM2:01,??,1,0,None,0,0,yes,yes
whyzxuwei,347462954,2008-10-2 PM2:04,??,1,0,None,0,0,yes,yes
????,867169426,2008-10-2 PM2:05,??,1,0,None,0,0,yes,yes
ashinfy,278085827,2008-10-2 PM2:19,??,1,0,None,0,0,yes,yes
rainbowandme,290153116,2008-10-2 PM2:23,??,1,0,None,0,0,yes,yes
Elizalin,876314364,2008-10-2 PM2:35,??,1,0,None,0,0,yes,yes
493634352a,769638898,2008-10-2 PM2:36,??,1,0,None,0,0,yes,yes
?????,104278682,2008-10-2 PM2:58,??,1,0,None,0,0,yes,yes
franky??,483881032,2008-10-2 PM3:02,??,1,0,None,0,0,yes,yes
pxf0000,170518562,2008-10-2 PM3:04,??,1,0,None,0,0,yes,yes
tong1996,122234968,2008-10-2 PM3:13,??,1,0,None,0,0,yes,yes
jinwuak,630135632,2008-10-2 PM3:23,??,1,0,None,0,0,yes,yes
wwjadg,349443786,2008-10-2 PM3:27,??,1,0,None,0,0,yes,yes
stay123,999581875,2008-10-2 PM3:48,??,1,0,None,0,0,yes,yes
????,758679345,2008-10-2 PM3:49,??,1,0,None,0,0,yes,yes
charlene07,451180266,2008-10-2 PM3:53,??,1,0,None,0,0,yes,yes
lingluanm,261179169,2008-10-2 PM3:54,??,1,0,None,0,0,yes,yes
brotherhao,175640687,2008-10-2 PM3:57,??,1,0,None,0,0,yes,yes
Jenny197202,106927212,2008-10-2 PM4:06,??,1,0,None,0,0,yes,yes
tutuzi,955904495,2008-10-2 PM4:17,??,1,0,None,0,0,yes,yes
vanish1994,950808134,2008-10-2 PM4:18,??,1,0,None,0,0,yes,yes
felicity555,747467181,2008-10-2 PM4:18,??,1,0,None,0,0,yes,yes
???Ashin,943285055,2008-10-2 PM4:21,??,1,0,None,0,0,yes,yes
446512022,637045442,2008-10-2 PM4:34,??,1,0,None,0,0,yes,yes
jocylne,870819365,2008-10-2 PM4:34,??,1,0,None,0,0,yes,yes
ceciliacoco,320774039,2008-10-2 PM4:46,??,1,0,None,0,0,yes,yes
aitao20124,943860531,2008-10-2 PM4:55,??,1,0,None,0,0,yes,yes
liuweimin007,635922454,2008-10-2 PM5:01,??,1,0,None,0,0,yes,yes
??silence,864517411,2008-10-2 PM5:03,??,1,0,None,0,0,yes,yes
lilian12345,946239191,2008-10-2 PM5:14,??,1,0,None,0,0,yes,yes
tracycyf,730628641,2008-10-2 PM5:15,??,1,0,None,0,0,yes,yes
Gl22??,406725212,2008-10-2 PM5:27,??,1,0,None,0,0,yes,yes
???,386493140,2008-10-2 PM5:30,??,1,0,None,0,0,yes,yes
DocStereo,127189205,2008-10-2 PM5:31,??,1,0,None,0,0,yes,yes
sharon712,974006888,2008-10-2 PM5:32,??,1,0,None,0,0,yes,yes
jshin721,995624814,2008-10-2 PM5:34,??,1,0,None,0,0,yes,yes
lr703,788386894,2008-10-2 PM5:36,??,1,0,None,0,0,yes,yes
tt1521,487481565,2008-10-2 PM5:38,??,1,0,None,0,0,yes,yes
wytwytwyt,332809169,2008-10-2 PM5:39,??,1,0,None,0,0,yes,yes
199054,602702200,2008-10-2 PM5:46,??,1,0,None,0,0,yes,yes
ceciliaisme,283142268,2008-10-2 PM5:46,??,1,0,None,0,0,yes,yes
iris661,377913301,2008-10-2 PM5:47,??,1,0,None,0,0,yes,yes
1986817,556285650,2008-10-2 PM5:47,??,1,0,None,0,0,yes,yes
?????,463039960,2008-10-2 PM6:02,??,1,0,None,0,0,yes,yes
????,286066402,2008-10-2 PM6:05,??,1,0,None,0,0,yes,yes
hahabei77,701907395,2008-10-2 PM6:05,??,1,0,None,0,0,yes,yes
mayday199238,356424662,2008-10-2 PM6:08,??,1,0,None,0,0,yes,yes
Cici1419,907393030,2008-10-2 PM6:09,??,1,0,None,0,0,yes,yes
??627,756917979,2008-10-2 PM6:26,??,1,0,None,0,0,yes,yes
??0077,888994755,2008-10-2 PM6:27,??,1,0,None,0,0,yes,yes
pp_spring,319281378,2008-10-2 PM6:31,??,1,0,None,0,0,yes,yes
sevenlovepp,644759833,2008-10-2 PM6:35,??,1,0,None,0,0,yes,yes
S??,281149157,2008-10-2 PM6:39,??,1,0,None,0,0,yes,yes
princechuyi,430320024,2008-10-2 PM7:13,??,1,0,None,0,0,yes,yes
heemay,511746045,2008-10-2 PM7:26,??,1,0,None,0,0,yes,yes
13930042516,300385179,2008-10-2 PM7:32,??,1,0,None,0,0,yes,yes
yyjkarida,231919332,2008-10-2 PM7:38,??,1,0,None,0,0,yes,yes
destiny21,108537160,2008-10-2 PM7:52,??,1,0,None,0,0,yes,yes
emilytian,857952556,2008-10-2 PM7:57,??,1,0,None,0,0,yes,yes
lyric??,443532452,2008-10-2 PM7:57,??,1,0,None,0,0,yes,yes
lesleyawei,974154271,2008-10-2 PM8:09,??,1,0,None,0,0,yes,yes
zjr45,749566131,2008-10-2 PM8:11,??,1,0,None,0,0,yes,yes
celery3,336968433,2008-10-2 PM8:40,??,1,0,None,0,0,yes,yes
oliviayanggg,256926556,2008-10-2 PM8:59,??,1,0,None,0,0,yes,yes
605104793,219651990,2008-10-2 PM9:03,??,1,0,None,0,0,yes,yes
ysy19921017,812964832,2008-10-3 AM10:15,??,1,0,None,0,0,yes,yes
??mickey,799624053,2008-10-3 AM10:41,??,1,0,None,0,0,yes,yes
tinafei988,492734190,2008-10-3 AM11:24,??,1,0,None,0,0,yes,yes
zy605718,357710954,2008-10-3 AM11:49,??,1,0,None,0,0,yes,yes
MMMMt,612157118,2008-10-3 AM11:49,??,1,0,None,0,0,yes,yes
????,603922431,2008-10-3 AM11:50,??,1,0,None,0,0,yes,yes
????,152638458,2008-10-3 AM11:52,??,1,0,None,0,0,yes,yes
2385966028,390057016,2008-10-3 AM11:55,??,1,0,None,0,0,yes,yes
297975866,709867920,2008-10-3 PM2:10,??,1,0,None,0,0,yes,yes
luyingli,621724842,2008-10-3 PM8:46,??,1,0,None,0,0,yes,yes
????,210079191,2008-10-3 PM8:47,??,1,0,None,0,0,yes,yes
???,536367254,2008-10-4 AM9:48,??,1,0,http://weibo.com/u/1701901881,759,12587,yes,yes
chezhilin,590319223,2008-10-4 PM1:00,??,1,0,None,0,0,yes,yes
lidong28,544113409,2008-10-4 PM3:23,??,1,0,None,0,0,yes,yes
piaochengyue,727934376,2008-10-4 PM5:21,??,1,0,None,0,0,yes,yes
?????,676035607,2008-10-4 PM5:25,??,1,0,None,0,0,yes,yes
ashim111,422986075,2008-10-4 PM9:24,??,1,0,None,0,0,yes,yes
?????,304731810,2008-10-5 AM12:46,??,1,0,None,0,0,yes,yes
??i72,502233167,2008-10-5 AM10:24,??,1,0,None,0,0,yes,yes
lixiaogui,820604161,2008-10-5 AM10:25,??,1,0,None,0,0,yes,yes
5wumengfan,343793263,2008-10-5 AM11:23,??,1,0,None,0,0,yes,yes
keira521,466802915,2008-10-5 AM11:55,??,1,0,None,0,0,yes,yes
jinlililili,479395444,2008-10-5 PM12:00,??,1,0,None,0,0,yes,yes
????,604344828,2008-10-5 PM1:23,??,1,0,None,0,0,yes,yes
lemonchancy,487466889,2008-10-5 PM2:05,??,1,0,None,0,0,yes,yes
pppms,415369086,2008-10-5 PM2:06,??,1,0,None,0,0,yes,yes
kkkjb,519135291,2008-10-5 PM2:08,??,1,0,None,0,0,yes,yes
zjhzspp,711710973,2008-10-5 PM3:14,??,1,0,None,0,0,yes,yes
miminee,329719032,2008-10-5 PM6:29,??,1,0,None,0,0,yes,yes
???,464521378,2008-10-5 PM6:39,??,1,0,None,0,0,yes,yes
eastella,103671664,2008-10-5 PM6:48,??,1,0,None,0,0,yes,yes
sheihed,247526448,2008-10-5 PM6:48,??,1,0,None,0,0,yes,yes
tangyuwen,492080473,2008-10-5 PM7:03,??,1,0,None,0,0,yes,yes
zhaoashin,414838251,2008-10-5 PM7:04,??,1,0,None,0,0,yes,yes
woshijzy1314,843714895,2008-10-5 PM7:11,??,1,0,None,0,0,yes,yes
xxlovexx429,709390928,2008-10-5 PM7:26,??,1,0,None,0,0,yes,yes
??0703,151357397,2008-10-5 PM7:40,??,1,0,None,0,0,yes,yes
weNsssssss,531642138,2008-10-5 PM7:41,??,1,0,None,0,0,yes,yes
??0072,338478191,2008-10-5 PM8:56,??,1,0,None,0,0,yes,yes
????,770960639,2008-10-6 PM12:54,??,1,0,None,0,0,yes,yes
???Amy,890729026,2008-10-6 PM1:52,??,1,0,None,0,0,yes,yes
?????,154980522,2008-10-6 PM1:55,??,1,0,None,0,0,yes,yes
mujin1993,346926649,2008-10-6 PM6:37,??,1,0,None,0,0,yes,yes
cathy0810pig,873304452,2008-10-6 PM7:06,??,1,0,None,0,0,yes,yes
jjjjjjjj789,498751162,2008-10-6 PM7:09,??,1,0,None,0,0,yes,yes
Xiaoxiaodada,902722947,2008-10-7 AM11:26,??,1,0,None,0,0,yes,yes
shaka??,448582702,2008-10-7 PM12:28,??,1,0,None,0,0,yes,yes
??920,525548273,2008-10-7 PM2:39,??,1,0,http://weibo.com/u/1678008104,106,342,yes,yes
????,634822886,2008-10-8 AM9:40,??,1,0,None,0,0,yes,yes
????,873816287,2008-10-8 AM11:11,??,1,0,None,0,0,yes,yes
??????,695576012,2008-10-8 AM11:57,??,1,0,None,0,0,yes,yes
???,682115926,2008-10-8 AM11:59,??,1,0,http://weibo.com/u/1743634460,198,1102,yes,yes
15201933316,212821704,2008-10-8 PM1:28,??,1,0,None,0,0,yes,yes
??Eva,698846175,2008-10-8 PM1:33,??,1,0,http://weibo.com/u/1737192465,938,9548,yes,yes
YY??just,249816241,2008-10-8 PM7:44,??,1,0,http://weibo.com/u/1250504977,116,369,yes,yes
???ost,717215203,2008-10-9 AM11:12,??,1,0,http://weibo.com/u/1779873942,481,4898,yes,yes
?????,873052720,2008-10-9 PM1:00,??,1,0,http://weibo.com/u/1747966011,248,1024,yes,yes
wthu2003,818829414,2008-10-9 PM1:00,??,1,0,None,0,0,yes,yes
kzhang126,826209585,2008-10-9 PM2:14,??,1,0,http://weibo.com/u/1926688700,565,3195,yes,yes
Shirleyxxz,461940240,2008-10-9 PM2:58,??,1,0,None,0,0,yes,yes
????,279803229,2008-10-9 PM2:58,??,1,0,http://weibo.com/u/2047900934,378,306,yes,yes
kevie,429976789,2008-10-9 PM3:17,??,1,0,None,0,0,yes,yes
jousiemao,363601422,2008-10-9 PM3:25,??,1,1,http://weibo.com/u/1782744490,430,2759,yes,yes
sheisnikki,239532676,2008-10-9 PM3:25,??,1,0,None,0,0,yes,yes
jinjing0913,403372220,2008-10-9 PM4:16,??,1,7,http://weibo.com/u/1753054835,584,4963,yes,yes
??820505,231587671,2008-10-9 PM4:24,??,1,0,http://weibo.com/u/2233947277,51,62,yes,yes
??????,988132930,2008-10-9 PM5:33,??,1,0,None,0,0,yes,yes
maydayrush,186921154,2008-10-9 PM6:34,??,1,0,None,0,0,yes,yes
FinalHome,996220554,2008-10-9 PM6:57,??,1,0,http://weibo.com/u/2628318611,35,1412,yes,yes
ladysybil,657592123,2008-10-9 PM7:01,??,1,0,None,0,0,yes,yes
?????,647304819,2008-10-10 AM10:32,??,1,0,http://weibo.com/u/1778468127,382,4511,yes,yes
???,685436942,2008-10-10 PM2:39,??,1,0,None,0,0,yes,yes
???1983,821373982,2008-10-10 PM2:47,??,1,0,None,0,0,yes,yes
stellaguo,661273834,2008-10-10 PM4:31,??,1,0,None,0,0,yes,yes
wlz1,829169955,2008-10-10 PM4:43,??,1,0,None,0,0,yes,yes
???,398712928,2008-10-10 PM4:45,??,1,0,None,0,0,yes,yes
???,767913173,2008-10-10 PM4:46,??,1,0,None,0,0,yes,yes
jinyatong,440511559,2008-10-10 PM5:04,??,1,1,http://weibo.com/u/1619017023,79,895,yes,yes
ehom1314,812360952,2008-10-10 PM6:47,??,1,0,None,0,0,yes,yes
eone1314,254019379,2008-10-10 PM6:50,??,1,0,None,0,0,yes,yes
annamomo12,502229672,2008-10-11 AM10:55,??,1,0,http://weibo.com/u/1722153662,772,3444,yes,yes
mindy0115,664553230,2008-10-11 PM2:16,??,1,0,None,0,0,yes,yes
296305215,733763174,2008-10-11 PM2:16,??,1,0,http://weibo.com/u/1896843795,220,741,yes,yes
???,787234839,2008-10-11 PM2:56,??,1,0,None,0,0,yes,yes
????,940316229,2008-10-11 PM3:34,??,1,0,http://weibo.com/u/2809667232,19,6,yes,yes
???,640900060,2008-10-11 PM4:01,??,1,0,http://weibo.com/u/2141669774,111,857,yes,yes
mayday1996,165514439,2008-10-11 PM5:39,??,1,0,None,0,0,yes,yes
????,464294453,2008-10-11 PM5:42,??,1,0,http://weibo.com/u/1867939641,116,853,yes,yes
????,226937679,2008-10-11 PM5:44,??,1,0,http://weibo.com/u/1845093430,499,2542,yes,yes
???,228960549,2008-10-11 PM5:47,??,1,0,None,0,0,yes,yes
???,679381820,2008-10-11 PM7:37,??,1,0,http://weibo.com/u/1932446272,262,768,yes,yes
??,621283066,2008-10-11 PM7:39,??,1,0,None,0,0,yes,yes
??Mayday,368099780,2008-10-12 AM11:43,??,1,0,http://weibo.com/u/2092874905,256,616,yes,yes
????,750689229,2008-10-12 PM1:03,??,1,0,http://weibo.com/u/1442406892,211,1604,yes,yes
Eva_Bayern4e,313161056,2008-10-12 PM1:06,??,1,0,http://weibo.com/u/1798553454,653,5565,yes,yes
Miss?1212,535385888,2008-10-12 PM1:07,??,1,0,http://weibo.com/u/2179142280,118,453,yes,yes
midori123,211430052,2008-10-12 PM1:57,??,1,0,None,0,0,yes,yes
???,769673925,2008-10-12 PM2:04,??,1,0,http://weibo.com/u/1948167673,87,51,yes,yes
???ljh,903188370,2008-10-12 PM2:41,??,1,0,None,0,0,yes,yes
xue0200,438675932,2008-10-12 PM3:15,??,1,0,None,0,0,yes,yes
???,167894660,2008-10-12 PM3:52,??,1,0,None,0,0,yes,yes
?_Y,715419406,2008-10-12 PM5:10,??,1,3,http://weibo.com/u/1800603881,702,3135,yes,yes
???,425949271,2008-10-13 AM10:43,??,1,0,None,0,0,yes,yes
??1,267395663,2008-10-13 AM11:21,??,1,0,None,0,0,yes,yes
????,107423213,2008-10-13 AM11:34,??,1,0,None,0,0,yes,yes
Cis_??,987506026,2008-10-13 PM1:48,??,1,2,http://weibo.com/u/1743209833,463,2929,yes,yes
WWzzykk,375391351,2008-10-13 PM2:16,??,1,0,None,0,0,yes,yes
??900511,288253960,2008-10-13 PM4:06,??,1,0,http://weibo.com/u/1634626733,231,1797,yes,yes
siiidney,693984616,2008-10-13 PM4:11,??,1,0,http://weibo.com/u/1626765491,65,90,yes,yes
vc1005,923292042,2008-10-13 PM8:22,??,1,0,http://weibo.com/u/1802397222,377,2594,yes,yes
stayreal416,782603893,2008-10-14 PM5:34,??,1,0,http://weibo.com/u/1868590817,270,2096,yes,yes
??imayday,118110294,2008-10-14 PM9:31,??,1,3,http://weibo.com/u/1652914047,600,3397,yes,yes
Summer_YJie,837966584,2008-10-14 PM11:28,??,1,0,http://weibo.com/u/2707902890,0,0,yes,yes
joycejinzt,387299039,2008-10-15 PM2:48,??,1,0,None,0,0,yes,yes
carol999888,140542480,2008-10-15 PM2:50,??,1,0,None,0,0,yes,yes
neversyc,407765993,2008-10-15 PM5:09,??,1,0,None,0,0,yes,yes
????,197047524,2008-9-30 AM10:55,??,2,0,http://weibo.com/u/1562810711,285,2428,yes,yes
Rachelpei,210204107,2008-9-30 AM10:57,??,2,0,http://weibo.com/u/1846631721,114,688,yes,yes
santorini?,509939870,2008-9-30 AM10:59,??,2,0,http://weibo.com/u/1271009944,952,9693,yes,yes
????,526403782,2008-9-30 AM11:05,??,2,0,http://weibo.com/u/2117749472,142,503,yes,yes
Hi_??,445306392,2008-9-30 AM11:06,??,2,0,http://weibo.com/u/1761241681,287,1707,yes,yes
zilzer,244024293,2008-9-30 AM11:07,??,2,0,http://weibo.com/u/1826947690,211,774,yes,yes
???,152821943,2008-9-30 AM11:15,??,2,11,http://weibo.com/u/1927788565,95,1029,yes,yes
snappy_deu,730689801,2008-9-30 AM11:25,??,2,0,http://weibo.com/u/1736756354,57,345,yes,yes
lovealex0416,960268733,2008-9-30 AM11:26,??,2,0,http://weibo.com/u/2279184622,3,3,yes,yes
?????,313319679,2008-9-30 AM11:39,??,2,6,http://weibo.com/u/2284790464,70,138,yes,yes
????,398114547,2008-9-30 PM12:35,??,2,0,http://weibo.com/u/2074571787,145,307,yes,yes
???,103006206,2008-9-30 PM12:41,??,2,0,http://weibo.com/u/1756561163,65,271,yes,yes
Clytie??,629453680,2008-9-30 PM12:41,??,2,0,http://weibo.com/u/1860860294,12,8,yes,yes
???V,941080984,2008-9-30 PM12:58,??,2,1,http://weibo.com/u/1678866073,829,1358,yes,yes
????,634271315,2008-9-30 PM1:10,??,2,0,http://weibo.com/u/2384597407,17,756,yes,yes
?????JJ,756484661,2008-9-30 PM1:13,??,2,7,http://weibo.com/u/1730459751,541,1017,yes,yes
strero1206,654448882,2008-9-30 PM1:16,??,2,0,http://weibo.com/u/1944166295,1,1,yes,yes
????ji?,791997986,2008-9-30 PM1:43,??,2,0,http://weibo.com/u/1269939801,361,1108,yes,yes
ViVi??,248226155,2008-9-30 PM1:50,??,2,0,http://weibo.com/u/2631548717,62,211,yes,yes
???,104329032,2008-9-30 PM1:54,??,2,0,http://weibo.com/u/1626316497,140,481,yes,yes
????,325217358,2008-9-30 PM2:31,??,2,0,http://weibo.com/u/1814159831,69,296,yes,yes
GooJiawi,269593812,2008-9-30 PM2:55,??,2,0,http://weibo.com/u/1770144692,32,262,yes,yes
super?,108513980,2008-9-30 PM2:57,??,2,0,http://weibo.com/u/1397112244,709,2355,yes,yes
c870626,533070420,2008-9-30 PM3:08,??,2,0,None,0,0,yes,yes
???Jac,989135132,2008-9-30 PM3:11,??,2,0,http://weibo.com/u/1987060980,60,14,yes,yes
monyating,521624505,2008-9-30 PM3:31,??,2,12,http://weibo.com/u/1667735504,215,1371,yes,yes
??,863818660,2008-9-30 PM3:37,??,2,0,http://weibo.com/u/1790088953,254,422,yes,yes
chaseT3T,782928549,2008-9-30 PM3:57,??,2,0,http://weibo.com/u/2010135195,24,190,yes,yes
??????,375341704,2008-9-30 PM4:13,??,2,20,http://weibo.com/u/1729955140,1096,11503,yes,yes
??_YoonJae,318721824,2008-9-30 PM4:16,??,2,3,http://weibo.com/u/1190228214,996,14561,yes,yes
????,293280014,2008-9-30 PM4:18,??,2,0,http://weibo.com/u/1748171452,336,7675,yes,yes
????,155049862,2008-9-30 PM4:43,??,2,0,http://weibo.com/u/1619943814,341,1033,yes,yes
??methyl,554827299,2008-9-30 PM4:48,??,2,0,http://weibo.com/u/1695849031,27,103,yes,yes
????,876256279,2008-9-30 PM4:53,??,2,0,http://weibo.com/u/2704703255,41,147,yes,yes
????,630375901,2008-9-30 PM5:52,??,2,0,http://weibo.com/u/1654183684,248,675,yes,yes
Jinling123,932687476,2008-9-30 PM5:54,??,2,0,None,0,0,yes,yes
???,434699380,2008-9-30 PM8:36,??,2,0,http://weibo.com/u/1789169644,137,807,yes,yes
MayDay_Xx,651135945,2008-10-1 AM10:07,??,2,0,http://weibo.com/u/1881329870,132,750,yes,yes
194ice,229052091,2008-10-1 AM10:08,??,2,0,http://weibo.com/u/1908788112,4,3,yes,yes
karas?,321944971,2008-10-1 AM10:46,??,2,4,http://weibo.com/u/1870394302,139,474,yes,yes
????,533062015,2008-10-1 AM10:52,??,2,0,http://weibo.com/u/1963599125,135,491,yes,yes
kitty???,865214676,2008-10-1 AM10:52,??,2,0,None,0,0,yes,yes
louise_yiyi,800049296,2008-10-1 AM10:56,??,2,12,http://weibo.com/u/1737086673,127,649,yes,yes
?????,347435886,2008-10-1 AM10:56,??,2,2,None,0,0,yes,yes
?????,554767749,2008-10-1 AM10:58,??,2,0,http://weibo.com/u/1173421855,668,4139,yes,yes
???Bryce,694690196,2008-10-1 AM11:12,??,2,1,http://weibo.com/u/1849994742,123,22,yes,yes
scsissi,910465946,2008-10-1 PM12:42,??,2,4,http://weibo.com/u/1775031701,92,4205,yes,yes
rr1009,530667882,2008-10-1 PM1:24,??,2,11,http://weibo.com/u/1775914985,372,2741,yes,yes
??,541338653,2008-10-1 PM2:40,??,2,0,http://weibo.com/u/1689138542,38,13,yes,yes
PiGgY??,312719732,2008-10-1 PM3:00,??,2,0,http://weibo.com/u/1908731551,201,415,yes,yes
????,381827518,2008-10-1 PM3:03,??,2,0,http://weibo.com/u/2494100607,58,62,yes,yes
Richard?,266573683,2008-10-1 PM3:46,??,2,4,http://weibo.com/u/1779198075,32,252,yes,yes
lilac1987,438856821,2008-10-1 PM4:15,??,2,0,http://weibo.com/u/1785523895,359,3262,yes,yes
zhouhy12,893475745,2008-10-1 PM4:25,??,2,0,None,0,0,yes,yes
??,412981698,2008-10-1 PM4:42,??,2,0,http://weibo.com/u/1734041775,422,1184,yes,yes
????,614395304,2008-10-1 PM4:49,??,2,8,None,0,0,yes,yes
gegedodo,958861062,2008-10-1 PM5:17,??,2,0,http://weibo.com/u/1734862467,659,1199,yes,yes
??????,135486256,2008-10-1 PM5:27,??,2,0,http://weibo.com/u/1801824792,187,117,yes,yes
?????cc,227881446,2008-10-1 PM7:56,??,2,0,http://weibo.com/u/1765489380,170,498,yes,yes
?????,830099294,2008-10-1 PM7:57,??,2,0,http://weibo.com/u/1929060711,15,117,yes,yes
wingsky159,489211957,2008-10-2 AM10:06,??,2,3,http://weibo.com/u/1804907011,138,1877,yes,yes
Yuki_12,935655105,2008-10-2 AM11:05,??,2,0,http://weibo.com/u/1868619120,137,44,yes,yes
Juri?,862202004,2008-10-2 AM11:11,??,2,2,http://weibo.com/u/1839818005,636,2824,yes,yes
????,781117554,2008-10-2 AM11:12,??,2,0,http://weibo.com/u/2324760850,69,199,yes,yes
ws19920910,841210800,2008-10-2 AM11:15,??,2,0,http://weibo.com/u/1882683142,42046,1498,yes,yes
jhyxwm,335664651,2008-10-2 PM12:09,??,2,0,http://weibo.com/u/1740739224,262,2394,yes,yes
??Kiho,345917832,2008-10-2 PM12:15,??,2,5,http://weibo.com/u/2104213600,295,3442,yes,yes
YoYi0,378139833,2008-10-2 PM12:19,??,2,0,http://weibo.com/u/2927182197,4,5,yes,yes
0122???,599360513,2008-10-2 PM12:35,??,2,0,http://weibo.com/u/1777650482,8,85,yes,yes
???,896837094,2008-10-2 PM12:43,??,2,0,http://weibo.com/u/2307730973,117,8776,yes,yes
mayuqi12345,553932966,2008-10-2 PM12:43,??,2,0,http://weibo.com/u/2393844997,32,141,yes,yes
????ko,635984339,2008-10-2 PM12:49,??,2,0,http://weibo.com/u/1157818674,76,8415,yes,yes
408705567,165512580,2008-10-2 PM12:53,??,2,1,http://weibo.com/u/1868593160,640,2958,yes,yes
eatingxu,539601118,2008-10-2 PM12:54,??,2,0,http://weibo.com/u/1600883790,283,1553,yes,yes
where_1sVane,132496354,2008-10-2 PM12:56,??,2,0,http://weibo.com/u/1870021283,341,1001,yes,yes
???sun,605992578,2008-10-2 PM12:59,??,2,1,http://weibo.com/u/1838739165,144,79,yes,yes
Templar?,130885706,2008-10-2 PM1:07,??,2,2,http://weibo.com/u/1770287392,927,4878,yes,yes
????,418650892,2008-10-2 PM1:07,??,2,0,http://weibo.com/u/2164795857,160,1386,yes,yes
zjsamkok,750301890,2008-10-2 PM1:46,??,2,0,None,0,0,yes,yes
???0421,255590375,2008-10-2 PM1:55,??,2,0,None,0,0,yes,yes
lukite,658991274,2008-10-2 PM1:59,??,2,0,None,0,0,yes,yes
hoosee5,647960013,2008-10-2 PM2:06,??,2,0,None,0,0,yes,yes
???ann,366324059,2008-10-2 PM2:07,??,2,0,http://weibo.com/u/1852957330,76,839,yes,yes
telnnt,514681283,2008-10-2 PM2:12,??,2,8,http://weibo.com/u/2621876977,35,309,yes,yes
kevin821115,192485467,2008-10-2 PM2:16,??,2,5,http://weibo.com/u/1559042464,634,1068,yes,yes
???,907125893,2008-10-2 PM2:23,??,2,8,http://weibo.com/u/1306858880,1119,6211,yes,yes
YYYYYuki,141275066,2008-10-2 PM3:05,??,2,0,http://weibo.com/u/1566692912,853,3679,yes,yes
Chayne,608424999,2008-10-2 PM3:26,??,2,0,http://weibo.com/u/1768246542,412,2753,yes,yes
???,723207060,2008-10-2 PM3:52,??,2,0,http://weibo.com/u/1891695731,1107,3413,yes,yes
????,829394571,2008-10-2 PM3:57,??,2,0,http://weibo.com/u/1834380027,545,2192,yes,yes
cherry0808,266402035,2008-10-2 PM4:03,??,2,0,http://weibo.com/u/2902179725,33,3,yes,yes
??????,235448729,2008-10-2 PM4:32,??,2,0,http://weibo.com/u/1752770844,108,474,yes,yes
??????,960354850,2008-10-2 PM4:49,??,2,1,http://weibo.com/u/1873991644,310,2907,yes,yes
Luciser,770223230,2008-10-2 PM4:51,??,2,0,http://weibo.com/u/2833545433,35,82,yes,yes
??faa_,119713846,2008-10-2 PM4:57,??,2,0,http://weibo.com/u/1660897722,955,4275,yes,yes
????,247832459,2008-10-2 PM4:58,??,2,0,http://weibo.com/u/1845326085,175,652,yes,yes
poiuty,275587969,2008-10-2 PM4:58,??,2,0,http://weibo.com/u/1175300422,104,158,yes,yes
????,835524803,2008-10-2 PM5:02,??,2,0,http://weibo.com/u/2472390544,74,21,yes,yes
??817,456058808,2008-10-2 PM7:28,??,2,0,http://weibo.com/u/1696798154,421,1875,yes,yes
T1213121?,662524575,2008-10-2 PM7:41,??,2,3,http://weibo.com/u/1909583651,1907,5999,yes,yes
kris??,233777179,2008-10-2 PM7:41,??,2,0,http://weibo.com/u/2265834315,285,7721,yes,yes
????,647515575,2008-10-2 PM8:56,??,2,0,http://weibo.com/u/1738105580,1409,4813,yes,yes
Amber_XJN,256592225,2008-10-3 AM10:35,??,2,0,http://weibo.com/u/2429537273,16,64,yes,yes
??175191,883238219,2008-10-3 AM10:36,??,2,0,http://weibo.com/u/1751912860,0,3,yes,yes
??_____,934097971,2008-10-3 AM11:26,??,2,0,http://weibo.com/u/1820513565,619,5845,yes,yes
???,133793029,2008-10-3 AM11:52,??,2,0,http://weibo.com/u/1997648564,25,119,yes,yes
??24,870518098,2008-10-3 PM5:07,??,2,0,http://weibo.com/u/1785004703,629,4423,yes,yes
??mayday,496286346,2008-10-4 AM10:40,??,2,3,http://weibo.com/u/1464961672,1368,1447,yes,yes
kooling,915744319,2008-10-4 AM10:40,??,2,0,http://weibo.com/u/1136405940,101,277,yes,yes
??,211381871,2008-10-4 AM10:56,??,2,0,http://weibo.com/u/1435957627,150,232,yes,yes
ApE???,762425350,2008-10-4 PM12:55,??,2,0,http://weibo.com/u/2089561015,343,1058,yes,yes
??love,241953581,2008-10-4 PM1:42,??,2,0,http://weibo.com/u/1652603994,1073,7932,yes,yes
theresasun,758564296,2008-10-4 PM3:56,??,2,1,http://weibo.com/u/2661029381,62,717,yes,yes
?????,537936492,2008-10-4 PM6:59,??,2,0,http://weibo.com/u/2770839565,98,273,yes,yes
stefayu,317300197,2008-10-5 AM10:14,??,2,1,http://weibo.com/u/1744098272,161,1303,yes,yes
kimteukbo,456542367,2008-10-5 AM10:24,??,2,0,None,0,0,yes,yes
???ss,607995660,2008-10-5 AM10:38,??,2,0,http://weibo.com/u/2118425707,74,2296,yes,yes
????5,166113039,2008-10-5 AM10:46,??,2,0,None,0,0,yes,yes
????,251763107,2008-10-5 PM8:46,??,2,0,http://weibo.com/u/1745682311,265,1466,yes,yes
???MsLiar,209034297,2008-10-6 PM1:31,??,2,0,http://weibo.com/u/2654138014,170,553,yes,yes
????,996281543,2008-10-6 PM2:34,??,2,0,http://weibo.com/u/1808265544,274,2749,yes,yes
??????,328884422,2008-10-6 PM4:31,??,2,3,None,0,0,yes,yes
sintatu,136294278,2008-10-7 PM1:58,??,2,2,None,0,0,yes,yes
VincentN,102510230,2008-10-9 PM8:50,??,2,3,None,0,0,yes,yes
????,310414599,2008-10-12 PM1:06,??,2,3,http://weibo.com/u/1729262682,248,1618,yes,yes
?_A,321383507,2008-10-12 PM5:07,??,2,4,http://weibo.com/u/1800562073,385,2472,yes,yes
tcxmt,812899568,2008-10-13 AM11:14,??,2,0,None,0,0,yes,yes
sunbokai,622265638,2008-10-14 PM3:03,??,2,6,http://weibo.com/u/1823475472,42,24,yes,yes
shixiaosan77,348545213,2008-9-30 AM9:30,??,3,1,http://weibo.com/u/1736626984,360,1243,yes,yes
???_,787822164,2008-9-30 AM11:20,??,3,2,None,0,0,yes,yes
???0116,680815688,2008-9-30 PM12:15,??,3,21,http://weibo.com/u/1889095555,194,190,yes,yes
??????,974422728,2008-9-30 PM12:43,??,3,4,http://weibo.com/u/1457137603,84,382,yes,yes
UP?7,587354042,2008-9-30 PM2:06,??,3,24,http://weibo.com/u/1892353655,369,2107,yes,yes
??,605953380,2008-9-30 PM3:05,??,3,7,None,0,0,yes,yes
SunshineM,934162430,2008-9-30 PM3:10,??,3,3,None,0,0,yes,yes
ColaMomo,516672645,2008-9-30 PM4:45,??,3,2,http://weibo.com/u/2669857143,60,654,yes,yes
smile??,848063338,2008-10-1 PM12:08,??,3,9,http://weibo.com/u/2274720864,242,888,yes,yes
???Mis,826114337,2008-10-1 PM7:57,???,3,1,http://weibo.com/u/1926556140,215,753,yes,yes
???,572161876,2008-10-2 AM10:18,??,3,1,http://weibo.com/u/1728638314,401,1954,yes,yes
sevenray654,583541805,2008-10-2 AM10:35,??,3,0,http://weibo.com/u/2537980694,12,62,yes,yes
????Jacinthe,698846733,2008-10-2 AM10:51,??,3,0,None,0,0,yes,yes
vouvou,678011751,2008-10-2 PM12:13,??,3,7,http://weibo.com/u/1792257624,63,310,yes,yes
nevin1986,954957823,2008-10-2 PM12:53,??,3,10,http://weibo.com/u/1861427184,164,457,yes,yes
??,790090099,2008-10-2 PM12:58,??,3,1,http://weibo.com/u/1651789964,564,1649,yes,yes
v1on?,913676431,2008-10-2 PM12:58,??,3,1,http://weibo.com/u/2023618714,427,509,yes,yes
maomaofaye,826783862,2008-10-2 PM1:47,??,3,3,http://weibo.com/u/1801815555,421,1683,yes,yes
diorchacha,613271022,2008-10-2 PM2:29,??,3,0,None,0,0,yes,yes
shirley,271588047,2008-10-2 PM3:28,??,3,23,http://weibo.com/u/1750406250,408,567,yes,yes
Catherinehc,205175706,2008-10-2 PM5:34,??,3,8,None,0,0,yes,yes
??????,178956251,2008-10-3 AM11:13,??,3,3,http://weibo.com/u/1718004151,582,2356,yes,yes
???,311498295,2008-10-3 AM11:16,??,3,0,http://weibo.com/u/1752898277,912,7808,yes,yes
???,491953867,2008-10-4 AM10:53,??,3,6,http://weibo.com/u/1898018264,456,3180,yes,yes
Yoki?,458805552,2008-10-5 AM10:39,??,3,1,http://weibo.com/u/1275507930,77,101,yes,yes
?????,992988110,2008-10-6 PM3:14,??,3,3,None,0,0,yes,yes
??,637669821,2008-10-6 PM3:15,??,3,2,http://weibo.com/u/1823468251,201,978,yes,yes
???,686136036,2008-10-7 PM4:09,??,3,6,http://weibo.com/u/1737410381,294,4060,yes,yes
?????,780366191,2008-10-12 PM3:44,??,3,12,http://weibo.com/u/2350591351,75,335,yes,yes
??,886210758,2008-9-30 AM11:06,??,4,0,http://weibo.com/u/1791464330,425,2758,yes,yes
jay26511,899707392,2008-9-30 PM4:25,??,4,1,None,0,0,yes,yes
vency?,979998702,2008-10-1 PM2:32,??,4,6,http://weibo.com/u/2318525580,72,292,yes,yes
cindy_t2,372346027,2008-10-1 PM2:45,??,4,44,http://weibo.com/u/1739712417,663,2027,yes,yes
??,641170396,2008-10-1 PM5:24,??,4,5,http://weibo.com/u/1757006647,180,447,yes,yes
??,886902354,2008-10-2 PM1:02,??,4,1,http://weibo.com/u/1662686664,271,2914,yes,yes
???,286899184,2008-10-2 PM2:06,??,4,10,None,0,0,yes,yes
???,184486740,2008-10-3 AM10:12,??,4,0,http://weibo.com/u/1739727433,185,2426,yes,yes
sukey1015,422165281,2008-10-3 PM2:58,??,4,8,http://weibo.com/u/1877426682,158,246,yes,yes
Sandy??,162646905,2008-10-4 AM11:44,??,4,23,http://weibo.com/u/1651729665,1073,3686,yes,yes
wangcc0817,247638552,2008-10-4 PM2:40,??,4,17,http://weibo.com/u/1825982675,81,213,yes,yes
?????,346877032,2008-10-5 PM10:48,??,4,9,http://weibo.com/u/1767063384,120,612,yes,yes
???,533951450,2008-10-6 PM7:06,??,4,9,http://weibo.com/u/1172020965,218,2122,yes,yes
??,203453826,2008-10-7 PM5:15,??,4,5,http://weibo.com/u/1975084097,815,6652,yes,yes
Akuma_Wang,724732865,2008-10-10 AM2:09,??,4,20,http://weibo.com/u/2374355884,194,389,yes,yes
???yoho,899799486,2008-10-11 PM7:34,??,4,20,http://weibo.com/u/1746289341,187,1528,yes,yes
ifei,392708119,2008-10-13 PM2:15,??,4,21,http://weibo.com/u/2106200572,230,347,yes,yes
znnina,490241723,2008-10-14 PM2:04,??,4,87,None,0,0,yes,yes
Sherly?,803604966,2008-10-15 PM5:03,??,4,15,None,0,0,yes,yes
??????,209031935,2008-9-29 PM11:04,??,5,15,http://weibo.com/u/1783736550,109,543,yes,yes
??cc,200282916,2008-9-30 AM11:59,??,5,9,http://weibo.com/u/1772484570,196,1920,yes,yes
??,574553558,2008-9-30 PM12:36,??,5,55,http://weibo.com/u/1883688501,381,978,yes,yes
????1986,637269291,2008-9-30 PM1:07,??,5,0,http://weibo.com/u/1024266060,263,953,yes,yes
????,790499213,2008-10-1 AM10:49,??,5,18,http://weibo.com/u/1704022394,184,2238,yes,yes
michelle0615,915066220,2008-10-2 PM12:29,??,5,12,http://weibo.com/u/1648598961,643,1158,yes,yes
1?4?,731370285,2008-10-2 PM1:25,??,5,22,http://weibo.com/u/1826966022,133,1204,yes,yes
17prOof,188509661,2008-10-2 PM1:48,??,5,17,http://weibo.com/u/1684050865,241,1571,yes,yes
ZCRoger,779105019,2008-10-2 PM2:20,??,5,59,http://weibo.com/u/1774860425,393,4234,yes,yes
yiliany,348842343,2008-10-2 PM3:53,??,5,7,http://weibo.com/u/1949694915,61,1371,yes,yes
???,189371074,2008-10-2 PM4:24,??,5,4,http://weibo.com/u/2139337044,154,70,yes,yes
xjyan,407789340,2008-10-2 PM8:48,??,5,13,None,0,0,yes,yes
?????,451264238,2008-10-4 PM1:07,??,5,17,http://weibo.com/u/1785940563,421,7172,yes,yes
Jessie_??,605135518,2008-10-4 PM3:20,??,5,3,http://weibo.com/u/1740080200,339,397,yes,yes
sunnyshine,762324964,2008-10-6 PM3:47,??,5,21,http://weibo.com/u/1372410812,528,2601,yes,yes
Yoyi,109493628,2008-10-14 PM3:10,??,5,43,http://weibo.com/u/1908308333,500,2084,yes,yes
Venusxiong,157324575,2008-10-14 PM8:11,??,5,11,http://weibo.com/u/1914539161,228,1176,yes,yes
????,192868180,2008-10-15 PM6:44,??,5,42,http://weibo.com/u/1846805860,566,2484,yes,yes
carvin,190751289,2008-9-30 PM12:18,??,6,4,http://weibo.com/u/1645245060,88,4890,yes,yes
akajoy,364643114,2008-9-30 PM2:06,??,6,1,None,0,0,yes,yes
M_4_vendetta,350288664,2008-9-30 PM2:58,??,6,17,http://weibo.com/u/2675625982,134,861,yes,yes
amigo1025,647138187,2008-9-30 PM3:06,??,6,4,http://weibo.com/u/1757545783,351,2464,yes,yes
?????,511083546,2008-9-30 PM4:17,??,6,6,http://weibo.com/u/1279416640,199,3060,yes,yes
????,951082216,2008-10-1 AM9:39,??,6,30,http://weibo.com/u/1552846642,517,3162,yes,yes
???,695743471,2008-10-1 AM11:45,??,6,14,http://weibo.com/u/2328164660,848,13551,yes,yes
????,378087432,2008-10-2 AM11:43,??,6,0,http://weibo.com/u/1907500547,400,1423,yes,yes
Gorillaz3,792247403,2008-10-2 AM11:58,??,6,3,http://weibo.com/u/1745034925,385,886,yes,yes
??KK,497463820,2008-10-2 PM12:11,??,6,33,http://weibo.com/u/1081052694,504,4319,yes,yes
????,924275805,2008-10-2 PM2:11,??,6,40,http://weibo.com/u/2179398200,174,1525,yes,yes
??Rennie,234245570,2008-10-3 AM11:45,??,6,13,None,0,0,yes,yes
Ashin.Sky,324572033,2008-10-3 PM4:06,??,6,2,http://weibo.com/u/1825583263,171,23406,yes,yes
???1224,573284522,2008-10-3 PM7:52,??,6,10,http://weibo.com/u/1740952850,2829,30423,yes,yes
??0308,990324593,2008-10-5 AM9:08,??,6,11,http://weibo.com/u/1780541867,1137,5461,yes,yes
exile1997,795928752,2008-10-5 AM10:15,??,6,6,http://weibo.com/u/1770079100,4860,693,yes,yes
Daisy???,141760937,2008-10-6 PM1:41,??,6,22,http://weibo.com/u/1864314764,283,496,yes,yes
?????,608281755,2008-10-6 PM4:12,??,6,33,http://weibo.com/u/1792096497,292,961,yes,yes
rebirthrip,217443096,2008-10-10 PM12:08,??,6,0,http://weibo.com/u/1582735061,308,2520,yes,yes
newmaster,355298941,2008-10-10 PM5:30,??,6,12,http://weibo.com/u/1858707090,104,828,yes,yes
gracecheng4,295273620,2008-10-12 PM1:32,??,6,9,http://weibo.com/u/1462254724,142,599,yes,yes
????,171976946,2008-10-12 PM2:59,??,6,5,http://weibo.com/u/1891873675,87,1510,yes,yes
???,141102783,2008-10-14 PM1:22,??,6,28,http://weibo.com/u/1774559261,564,1013,yes,yes
????,336642533,2008-10-14 PM7:16,??,6,5,http://weibo.com/u/1784183207,144,1282,yes,yes
hjjking,829881714,2008-9-30 PM4:45,??,7,13,None,0,0,yes,yes
?????,302209196,2008-10-1 PM2:42,??,7,13,http://weibo.com/u/1593730775,148,253,yes,yes
ruanyaya,144714063,2008-10-1 PM4:26,??,7,19,http://weibo.com/u/1758786531,112,1813,yes,yes
??????,447694731,2008-10-2 AM11:19,??,7,17,http://weibo.com/u/1967381587,293,1134,yes,yes
???,758135677,2008-10-2 PM1:11,??,7,5,http://weibo.com/u/1914739323,363,231,yes,yes
??sl,964638542,2008-10-2 PM1:32,??,7,6,http://weibo.com/u/2048710592,448,5680,yes,yes
Samoyed0110,338224027,2008-10-2 PM2:11,??,7,22,http://weibo.com/u/1644345025,117,843,yes,yes
Lin8954512,930953821,2008-10-3 AM9:30,??,7,12,http://weibo.com/u/1653112594,644,4997,yes,yes
????,143332393,2008-10-5 PM3:44,??,7,44,http://weibo.com/u/1979786260,167,408,yes,yes
?????,634423375,2008-10-6 PM1:00,??,7,1,http://weibo.com/u/1714909654,132,558,yes,yes
?????,526676864,2008-10-6 PM6:38,??,7,9,http://weibo.com/u/2271081587,52,1772,yes,yes
??_asan,578345751,2008-10-9 PM3:05,??,7,11,None,0,0,yes,yes
icherryi,100978365,2008-10-9 PM6:40,??,7,27,http://weibo.com/u/1758199893,454,2905,yes,yes
plumageBob,945699705,2008-10-11 PM4:06,??,7,28,http://weibo.com/u/1773301007,300,1600,yes,yes
???Wjj,803762094,2008-10-12 PM2:19,??,7,9,http://weibo.com/u/1876835260,227,1131,yes,yes
meroko,185790969,2008-10-12 PM3:59,??,7,38,http://weibo.com/u/1214119231,281,3621,yes,yes
gianitaniu,157631973,2008-10-1 PM12:06,??,8,27,http://weibo.com/u/1639112765,181,1010,yes,yes
????,639521032,2008-10-1 PM5:59,??,8,11,None,0,0,yes,yes
????0721,785316322,2008-10-2 AM10:24,??,8,38,http://weibo.com/u/1241010313,407,1565,yes,yes
WendyLeeQ,982160835,2008-10-2 AM11:18,??,8,9,http://weibo.com/u/1967421577,264,1588,yes,yes
mynu,835699227,2008-10-2 PM12:27,??,8,30,http://weibo.com/u/1802530373,1008,9537,yes,yes
KUMA2011,395038043,2008-10-2 PM6:04,??,8,7,http://weibo.com/u/1868973027,442,10198,yes,yes
??jarain,364025684,2008-10-3 AM10:34,??,8,11,http://weibo.com/u/2821909700,30,203,yes,yes
tkxsimon,627548300,2008-10-3 AM11:16,??,8,11,http://weibo.com/u/1879476740,48,717,yes,yes
minozS,434893852,2008-10-3 PM1:47,??,8,20,http://weibo.com/u/1961945214,370,2331,yes,yes
pollyOAOA,592233061,2008-10-4 AM11:37,??,8,19,http://weibo.com/u/1767419365,262,2166,yes,yes
san0208,536873646,2008-10-4 PM3:11,??,8,9,http://weibo.com/u/1950121251,435,2593,yes,yes
y_fanny830,926861263,2008-10-5 AM9:50,??,8,32,http://weibo.com/u/1838332884,249,113,yes,yes
???,305368043,2008-10-6 PM1:43,??,8,43,None,0,0,yes,yes
carina??,691713896,2008-10-9 PM12:55,??,8,27,http://weibo.com/u/1803480451,221,1392,yes,yes
minnie_doll,813217303,2008-10-10 PM7:28,??,8,26,http://weibo.com/u/1729644685,172,1061,yes,yes
ekinfeng,292141314,2008-10-12 AM10:57,??,8,1,None,0,0,yes,yes
kiki??,726793753,2008-10-12 PM1:32,??,8,13,http://weibo.com/u/1775781224,599,654,yes,yes
???Vikki,129760789,2008-10-12 PM8:31,??,8,41,http://weibo.com/u/1808196793,299,2651,yes,yes
???,863306564,2008-10-14 PM1:27,??,8,25,http://weibo.com/u/1668115002,551,965,yes,yes
Tutubaby,295296795,2008-10-15 PM12:49,??,8,56,http://weibo.com/u/1737557430,584,1258,yes,yes
JoannaPrin,215370595,2008-9-30 PM12:15,??,9,8,http://weibo.com/u/1860130954,229,321,yes,yes
????,228752387,2008-9-30 PM2:35,??,9,8,http://weibo.com/u/1662917864,98,660,yes,yes
zhulongzx,262605011,2008-9-30 PM4:13,??,9,3,http://weibo.com/u/1891700647,281,1766,yes,yes
o72o,396070145,2008-10-1 PM1:17,??,9,11,http://weibo.com/u/1732205363,425,3412,yes,yes
??_sue,286303860,2008-10-1 PM4:51,??,9,28,http://weibo.com/u/2038757087,212,1689,yes,yes
???,728232083,2008-10-2 PM2:45,??,9,13,http://weibo.com/u/1803210581,420,1950,yes,yes
???,996218097,2008-10-2 PM3:10,??,9,9,http://weibo.com/u/1738517721,138,563,yes,yes
chelsey44,646695436,2008-10-2 PM4:23,??,9,47,http://weibo.com/u/1864281494,311,1752,yes,yes
?????,708341834,2008-10-2 PM6:28,??,9,15,None,0,0,yes,yes
??tequila,189472827,2008-10-3 PM6:24,??,9,16,http://weibo.com/u/1699373517,684,12415,yes,yes
Q???,746720701,2008-10-5 PM12:08,??,9,3,http://weibo.com/u/1221631482,137,59,yes,yes
huangmin,267178918,2008-10-5 PM2:18,??,9,14,http://weibo.com/u/1750329730,336,1446,yes,yes
675473406,796997437,2008-10-6 PM3:11,??,9,3,http://weibo.com/u/1885382945,513,1481,yes,yes
Black_Walnut,256774570,2008-10-6 PM4:32,??,9,71,http://weibo.com/u/1732571051,965,3912,yes,yes
?????,677327255,2008-10-12 PM3:10,??,9,2,http://weibo.com/u/1710145677,157,2740,yes,yes
SakuraGigi,268482609,2008-10-13 PM2:12,??,9,15,http://weibo.com/u/2037775497,125,392,yes,yes
swear1019,251867127,2008-10-13 PM2:25,??,9,58,http://weibo.com/u/1768895910,1008,8905,yes,yes
????,236057513,2008-10-13 PM5:29,??,9,3,http://weibo.com/u/1945558930,306,1670,yes,yes
dreamfish66,576914000,2008-10-14 PM12:19,??,9,12,http://weibo.com/u/1295710567,197,1777,yes,yes
???,171634205,2008-9-30 PM12:25,??,10,44,http://weibo.com/u/1659564372,379,2680,yes,yes
Inner_pease,973929178,2008-10-1 AM8:36,??,10,18,http://weibo.com/u/1745691855,127,792,yes,yes
????,912836174,2008-10-1 AM10:25,??,10,34,http://weibo.com/u/2317525573,185,8433,yes,yes
???,457244228,2008-10-1 AM10:40,??,10,22,None,0,0,yes,yes
?????,251997906,2008-10-1 PM5:27,??,10,4,http://weibo.com/u/1750294200,409,700,yes,yes
lillian,783222806,2008-10-3 PM5:03,??,10,7,None,0,0,yes,yes
mikizjy,123400881,2008-10-7 AM11:28,??,10,9,http://weibo.com/u/1971416537,246,1159,yes,yes
yokio77510,533681723,2008-10-9 PM4:00,??,10,44,http://weibo.com/u/1796910243,235,301,yes,yes
?????,150323664,2008-10-10 PM5:30,??,10,22,http://weibo.com/u/1848332580,394,5213,yes,yes
???,515611677,2008-10-11 PM1:56,??,10,15,http://weibo.com/u/1837921082,167,62,yes,yes
????,729565810,2008-10-12 PM5:06,??,10,20,http://weibo.com/u/1972380977,230,1269,yes,yes
????,679731629,2008-10-15 PM1:21,??,10,38,http://weibo.com/u/2008217065,117,373,yes,yes
O???O,342171306,2008-9-29 PM6:06,??,11,11,http://weibo.com/u/2360394762,162,519,yes,yes
?????,695818890,2008-9-30 PM4:54,??,11,35,http://weibo.com/u/1140547615,917,8057,yes,yes
Stella_QIN,202194502,2008-10-1 AM11:01,??,11,56,http://weibo.com/u/1688799210,892,2729,yes,yes
wudiqiqi,901834419,2008-10-1 PM2:56,??,11,30,http://weibo.com/u/1140497640,610,3337,yes,yes
Homehome,582362620,2008-10-2 AM10:24,??,11,16,http://weibo.com/u/1934789005,81,946,yes,yes
??,669543831,2008-10-2 PM1:49,??,11,36,http://weibo.com/u/1656214675,356,873,yes,yes
?????,575199418,2008-10-3 PM2:20,??,11,46,http://weibo.com/u/1874139491,439,1998,yes,yes
?????,548678988,2008-10-3 PM5:02,??,11,9,http://weibo.com/u/1668640414,353,1976,yes,yes
yuimbro,946849025,2008-10-6 PM8:02,??,11,44,http://weibo.com/u/1931695404,505,5712,yes,yes
Mario1206,252750475,2008-10-7 PM4:44,??,11,2,http://weibo.com/u/1641965140,5,930,yes,yes
??1986,764006381,2008-10-8 PM7:37,??,11,42,http://weibo.com/u/1762256013,354,1231,yes,yes
Chloe?,909048077,2008-10-9 PM6:45,??,11,37,http://weibo.com/u/1723314091,540,4206,yes,yes
?est,974002546,2008-10-12 PM12:31,??,11,11,http://weibo.com/u/1815244861,339,6595,yes,yes
bagajunjun18,758888826,2008-10-13 PM2:03,??,11,20,http://weibo.com/u/2072699651,202,1521,yes,yes
???,152786943,2008-9-30 AM9:47,??,12,11,http://weibo.com/u/1509473432,196,882,yes,yes
Layne,795381773,2008-9-30 AM11:45,??,12,35,http://weibo.com/u/1746422633,864,699,yes,yes
Kristin,903127134,2008-9-30 AM11:58,??,12,9,http://weibo.com/u/1656997925,1446,3723,yes,yes
??M?,895733527,2008-9-30 PM12:59,??,12,67,http://weibo.com/u/1651736977,1217,1717,yes,yes
cindy_suen,900893931,2008-9-30 PM2:57,??,12,25,http://weibo.com/u/1742256147,714,222,yes,yes
Jesuskeray,121667271,2008-10-1 AM9:43,??,12,6,http://weibo.com/u/1801921155,23,1672,yes,yes
???,168503534,2008-10-1 PM2:04,??,12,47,http://weibo.com/u/1896496215,215,1769,yes,yes
?mayday,123649304,2008-10-1 PM2:05,??,12,47,http://weibo.com/u/2881998022,62,331,yes,yes
lovesandy027,292335802,2008-10-1 PM2:50,??,12,21,http://weibo.com/u/1806036647,699,2684,yes,yes
junniv,873399890,2008-10-2 PM1:30,??,12,5,http://weibo.com/u/1143364541,956,2393,yes,yes
big???,655297357,2008-10-3 AM11:11,??,12,25,http://weibo.com/u/1886199740,105,686,yes,yes
JackyQuan,124370558,2008-10-3 PM4:42,??,12,16,http://weibo.com/u/1709100525,438,4910,yes,yes
???,682512339,2008-10-4 PM1:40,??,12,15,http://weibo.com/u/1937319991,581,2529,yes,yes
KUSA,110520168,2008-10-6 PM2:41,??,12,4,http://weibo.com/u/1756598533,97,1821,yes,yes
fxy0818,851804587,2008-10-10 PM1:54,??,12,17,http://weibo.com/u/1708891873,168,2812,yes,yes
irisgaga,683489001,2008-10-10 PM8:17,??,12,15,None,0,0,yes,yes
???,124914830,2008-10-12 PM1:33,??,12,17,http://weibo.com/u/1883441567,306,2667,yes,yes
drifttony,357967757,2008-10-13 PM5:31,??,12,10,http://weibo.com/u/1288939533,467,2242,yes,yes
???,641533004,2008-10-14 PM3:04,??,12,18,http://weibo.com/u/1790912093,320,2159,yes,yes
Gloria_?,825444375,2008-9-29 PM1:24,??,13,41,http://weibo.com/u/1772867075,628,3000,yes,yes
??,481193329,2008-9-30 PM1:28,??,13,20,http://weibo.com/u/1859653900,277,1690,yes,yes
??,276345278,2008-9-30 PM3:31,??,13,33,http://weibo.com/u/1733973390,509,5264,yes,yes
??????,580107580,2008-9-30 PM4:50,??,13,17,http://weibo.com/u/1830010473,155,923,yes,yes
xxxxxxxxxxx,677078374,2008-10-1 AM9:36,??,13,65,http://weibo.com/u/2035914130,524,10678,yes,yes
????,887424111,2008-10-1 PM2:34,??,13,1,http://weibo.com/u/1569638442,62,294,yes,yes
??1113,421656308,2008-10-2 PM12:06,??,13,43,http://weibo.com/u/1641233961,510,5180,yes,yes
im??,585669477,2008-10-3 AM9:33,??,13,10,http://weibo.com/u/1649547701,900,7765,yes,yes
??,243860725,2008-10-3 PM3:04,??,13,28,http://weibo.com/u/1572728531,309,1261,yes,yes
Clara_??,445223250,2008-10-5 PM2:24,??,13,23,http://weibo.com/u/1684294477,158,1634,yes,yes
shuying2941,203745621,2008-10-6 AM10:33,??,13,16,http://weibo.com/u/1787829384,978,2345,yes,yes
Miss?,970678423,2008-10-7 PM4:11,??,13,30,http://weibo.com/u/1656212663,209,1987,yes,yes
???,949279830,2008-10-12 AM10:02,??,13,58,http://weibo.com/u/1714043072,703,7848,yes,yes
Jill??????,590991920,2008-10-12 PM12:44,??,13,22,http://weibo.com/u/1711576995,417,2716,yes,yes
Demi???,481766678,2008-10-14 PM5:43,??,13,28,http://weibo.com/u/1895555363,2477,2747,yes,yes
susanqiu,703459191,2008-10-14 PM7:01,??,13,29,http://weibo.com/u/1645041004,1590,8639,yes,yes
iamneo619,668376325,2008-10-15 AM10:47,??,13,8,http://weibo.com/u/1737662664,1056,9874,yes,yes
novao,622096880,2008-9-30 PM8:29,??,14,41,None,0,0,yes,yes
Patrick_King,655483119,2008-10-1 AM10:59,??,14,17,http://weibo.com/u/1637126475,72,226,yes,yes
???,210300919,2008-10-1 PM12:38,??,14,8,http://weibo.com/u/1794522112,623,4200,yes,yes
????,647460220,2008-10-2 PM2:22,??,14,5,http://weibo.com/u/2384025245,1616,7341,yes,yes
???,748562391,2008-10-2 PM3:24,??,14,55,http://weibo.com/u/1669893882,574,2178,yes,yes
bb1223,597112845,2008-10-2 PM3:26,??,14,44,http://weibo.com/u/1711144941,37856,1337,yes,yes
???,428039054,2008-10-2 PM4:47,??,14,35,None,0,0,yes,yes
??SUNNY,194718801,2008-10-3 AM11:14,??,14,48,http://weibo.com/u/1917938350,132,1564,yes,yes
kiko??,892649609,2008-10-3 PM2:44,??,14,31,http://weibo.com/u/2088336783,335,3621,yes,yes
????,233142674,2008-10-5 AM10:00,??,14,7,http://weibo.com/u/1579169605,597,3783,yes,yes
??????,440711332,2008-10-10 PM1:37,??,14,30,http://weibo.com/u/2354933490,100,572,yes,yes
ruili21,804375302,2008-10-11 PM6:46,??,14,10,http://weibo.com/u/1779842265,148,723,yes,yes
????,971495146,2008-10-13 PM12:48,??,14,46,http://weibo.com/u/1669419490,1177,21872,yes,yes
daydayhp,665654029,2008-10-13 PM2:48,??,14,10,http://weibo.com/u/1736443961,696,8234,yes,yes
Luna,590584433,2008-10-14 PM1:26,??,14,16,http://weibo.com/u/1839203337,311,1396,yes,yes
??vivin,931228813,2008-9-30 AM12:36,??,15,50,http://weibo.com/u/2628966141,36,115,yes,yes
rachel0414,699550570,2008-9-30 AM3:05,??,15,14,http://weibo.com/u/2471658343,70,292,yes,yes
???Tina,879611332,2008-9-30 PM2:29,??,15,69,http://weibo.com/u/1740452797,1113,3589,yes,yes
??,138767153,2008-10-1 PM12:43,??,15,19,http://weibo.com/u/2038013681,156,3760,yes,yes
Evajays,485671476,2008-10-1 PM4:02,??,15,34,http://weibo.com/u/1750039412,245,3884,yes,yes
5met,809615580,2008-10-2 AM10:10,??,15,54,http://weibo.com/u/1316178543,289,730,yes,yes
????,491271776,2008-10-2 PM1:33,??,15,19,None,0,0,yes,yes
????,879423375,2008-10-2 PM2:23,??,15,47,http://weibo.com/u/1735671932,712,4666,yes,yes
swq_1024,232176986,2008-10-4 PM2:20,??,15,20,http://weibo.com/u/1635429352,1045,30483,yes,yes
??????,464841345,2008-10-4 PM3:32,??,15,14,http://weibo.com/u/1664428000,175,1753,yes,yes
???,808209625,2008-10-5 PM7:53,??,15,26,http://weibo.com/u/2814758775,150,108,yes,yes
???,390949674,2008-10-9 AM10:08,??,15,9,http://weibo.com/u/1742716255,246,1277,yes,yes
lmtx86,862669923,2008-10-12 PM2:59,??,15,28,http://weibo.com/u/1740371075,454,6461,yes,yes
?????,377098625,2008-10-13 PM2:05,????,15,79,http://weibo.com/u/1280836583,364,2872,yes,yes
Emma_???,792587810,2008-10-13 PM7:03,??,15,60,http://weibo.com/u/2723318292,1470,709,yes,yes
????,848012360,2008-10-15 PM1:21,??,15,50,http://weibo.com/u/2613905145,77,84,yes,yes
???425,304194757,2008-9-30 PM12:36,??,16,23,http://weibo.com/u/1949774987,175,1327,yes,yes
koala0009,892622243,2008-10-2 PM1:31,??,16,6,http://weibo.com/u/1989804161,89,250,yes,yes
b.b.h.,371208181,2008-10-2 PM2:07,??,16,31,http://weibo.com/u/1672578427,73,2370,yes,yes
??,109394127,2008-10-2 PM3:09,??,16,53,http://weibo.com/u/2256971730,195,463,yes,yes
???,641700064,2008-10-3 PM1:58,??,16,19,http://weibo.com/u/1816120604,134,721,yes,yes
Se7en_?,163451793,2008-10-3 PM2:39,??,16,48,http://weibo.com/u/1803745382,636,2350,yes,yes
AlaxChen,459517773,2008-10-6 PM4:34,??,16,1,None,0,0,yes,yes
????,170301192,2008-10-11 PM6:14,??,16,44,http://weibo.com/u/1752702632,292,7035,yes,yes
kathy901002,819805231,2008-10-12 PM3:50,??,16,56,http://weibo.com/u/1501624391,373,1336,yes,yes
lovexixi,620100641,2008-10-13 PM1:24,??,16,56,http://weibo.com/u/1764074190,672,6851,yes,yes
???leo,589310827,2008-9-30 PM8:00,??,17,40,None,0,0,yes,yes
?????,969938890,2008-10-1 AM9:41,??,17,18,http://weibo.com/u/2030055477,120,1006,yes,yes
????,205714317,2008-10-1 AM10:58,??,17,58,None,0,0,yes,yes
????,787580983,2008-10-1 AM11:29,??,17,30,http://weibo.com/u/1909026557,426,1681,yes,yes
?????,290332736,2008-10-1 PM12:04,??,17,15,http://weibo.com/u/1572716010,931,24636,yes,yes
???,685787403,2008-10-2 PM1:23,??,17,14,http://weibo.com/u/1184795513,1550,1278,yes,yes
withoutDREAM,774589356,2008-10-2 PM5:53,??,17,25,http://weibo.com/u/1895825493,856,6307,yes,yes
????Fay,827458206,2008-10-2 PM8:53,??,17,17,http://weibo.com/u/1946982281,53,32,yes,yes
?????,285710067,2008-10-4 AM11:42,??,17,10,http://weibo.com/u/1770601025,1240,4833,yes,yes
pippotintin,791748388,2008-10-12 PM3:49,??,17,20,http://weibo.com/u/2184802967,189,360,yes,yes
cloudew0919,453776656,2008-9-30 AM8:15,??,18,92,http://weibo.com/u/1658907751,2478,12547,yes,yes
?????,807718543,2008-10-1 PM4:08,??,18,13,http://weibo.com/u/2636094007,9,168,yes,yes
??,409491704,2008-10-2 PM1:58,??,18,82,http://weibo.com/u/1375879815,1528,8344,yes,yes
shaggy0914,448096573,2008-10-2 PM3:33,??,18,40,http://weibo.com/u/2090570693,109,273,yes,yes
t????t,270868782,2008-10-3 AM9:46,??,18,8,http://weibo.com/u/1784828655,105,1920,yes,yes
Xuanfeng81,215625143,2008-10-4 PM3:48,??,18,45,http://weibo.com/u/1705094763,375,1788,yes,yes
mirror_mjjeje,748300535,2008-10-5 AM11:24,??,18,15,http://weibo.com/u/1699542224,398,3084,yes,yes
??,319627350,2008-10-5 PM3:17,??,18,20,http://weibo.com/u/2001282301,189,786,yes,yes
jimmy89p,576218020,2008-10-6 PM3:03,??,18,50,http://weibo.com/u/2073459215,946,380,yes,yes
xliang_520,347782873,2008-10-9 PM4:45,??,18,233,http://weibo.com/u/1770427172,2584,635,yes,yes
Cathy090826,774357323,2008-10-9 PM5:23,??,18,43,http://weibo.com/u/1763842740,381,4646,yes,yes
yui908,551522436,2008-10-10 PM1:24,??,18,76,http://weibo.com/u/1714765833,313,3116,yes,yes
carol.zhu,494617412,2008-9-30 PM2:24,??,19,63,http://weibo.com/u/1578967293,434,3837,yes,yes
?????,195889285,2008-9-30 PM8:25,??,19,47,http://weibo.com/u/1271327055,1054,9137,yes,yes
?????,286965089,2008-10-1 AM10:24,??,19,43,http://weibo.com/u/2166025802,287,854,yes,yes
bubulo,285855389,2008-10-1 PM7:54,??,19,37,http://weibo.com/u/1849656532,1290,6477,yes,yes
Super_???,384164485,2008-10-2 PM2:30,??,19,35,http://weibo.com/u/1813230910,523,356,yes,yes
yilma,915817398,2008-10-2 PM4:28,??,19,113,http://weibo.com/u/1789832967,556,5573,yes,yes
Shreya,260334117,2008-10-2 PM4:50,??,19,18,http://weibo.com/u/1786746990,125,3401,yes,yes
??????,341374439,2008-10-2 PM7:33,??,19,21,http://weibo.com/u/1876344321,370,1738,yes,yes
Shimmer,848969869,2008-10-5 AM10:45,??,19,6,None,0,0,yes,yes
Ava,626705159,2008-10-6 PM12:38,??,19,25,None,0,0,yes,yes
davidliu515,186918134,2008-10-9 PM3:28,??,19,145,http://weibo.com/u/1801837045,924,4465,yes,yes
???,144629528,2008-10-12 PM3:40,??,19,92,http://weibo.com/u/1702028622,440,1002,yes,yes
???????,463111985,2008-10-3 AM11:54,??,20,3,http://weibo.com/u/1674650790,669,1001,yes,yes
Lewis??,534433281,2008-10-6 PM4:33,??,20,120,http://weibo.com/u/1733973022,1010,7947,yes,yes
selected83,769161437,2008-10-13 PM1:56,??,20,30,http://weibo.com/u/1777799717,895,4631,yes,yes
???,822569185,2008-10-13 PM3:48,??,20,10,http://weibo.com/u/1649466157,408,2049,yes,yes
??????,960287263,2008-10-14 PM3:46,??,20,41,http://weibo.com/u/2681837450,785,9740,yes,yes
yucci???,979399070,2008-10-15 PM1:20,??,20,71,http://weibo.com/u/1826925914,220,328,yes,yes
????,822981547,2008-9-30 PM3:52,??,21,24,http://weibo.com/u/1070672557,434,3980,yes,yes
Harumi__Y,595746849,2008-10-1 PM12:45,??,21,30,http://weibo.com/u/1946266121,323,1339,yes,yes
???EvOnNe,358905832,2008-10-2 AM11:24,??,21,49,http://weibo.com/u/1678498247,868,15577,yes,yes
???,585007451,2008-10-3 PM12:39,??,21,153,http://weibo.com/u/1696324873,1670,10820,yes,yes
???,353303074,2008-10-6 PM4:13,??,21,77,http://weibo.com/u/1748413754,716,2837,yes,yes
???claire,826157947,2008-10-10 PM6:37,??,21,23,http://weibo.com/u/1698497730,355,2587,yes,yes
?????Binnie,523570040,2008-9-29 PM8:52,??,22,35,http://weibo.com/u/1583305903,400,5455,yes,yes
????,545547618,2008-10-2 PM7:29,??,22,15,http://weibo.com/u/2128024204,1785,3088,yes,yes
????Ada,717429411,2008-10-4 PM3:45,??,22,61,http://weibo.com/u/1920431142,384,1896,yes,yes
???,427172825,2008-10-5 PM9:53,??,22,24,http://weibo.com/u/2006389055,230,4246,yes,yes
????,943305401,2008-10-6 AM11:34,??,22,1,http://weibo.com/u/2178074907,33,174,yes,yes
???,946019585,2008-10-6 PM2:16,??,22,40,http://weibo.com/u/1735958862,608,6767,yes,yes
??,478637470,2008-10-9 PM3:23,??,22,64,None,0,0,yes,yes
cathy??,852057853,2008-10-9 PM5:23,??,22,102,http://weibo.com/u/1771063211,560,7093,yes,yes
????,766385385,2008-9-29 PM11:46,??,23,22,http://weibo.com/u/2136289097,623,1513,yes,yes
Ferrari_ZLY,795101166,2008-9-30 AM12:29,??,23,26,http://weibo.com/u/1918040832,233,2506,yes,yes
Will,792158032,2008-10-1 AM11:13,??,23,15,http://weibo.com/u/1789665041,418,9604,yes,yes
Mayday_??,360769815,2008-10-2 PM12:07,??,23,118,http://weibo.com/u/1654698482,11322,3358,yes,yes
?????,641812938,2008-10-2 PM2:10,??,23,25,http://weibo.com/u/1798957527,279,6695,yes,yes
????,576439483,2008-10-2 PM3:34,??,23,87,http://weibo.com/u/1240098970,953,714,yes,yes
scarlett0427,493707321,2008-10-3 AM10:33,??,23,11,http://weibo.com/u/1738971524,519,4313,yes,yes
?????,708119462,2008-10-3 PM5:24,??,23,49,http://weibo.com/u/1224670033,430,3708,yes,yes
NONO,515905300,2008-10-5 PM2:22,??,23,26,http://weibo.com/u/1866945730,155,1294,yes,yes
???,746290277,2008-10-5 PM8:04,??,23,64,http://weibo.com/u/1780108492,323,3941,yes,yes
Justin?,875979776,2008-10-9 PM6:46,??,23,104,http://weibo.com/u/1690984187,1093,4433,yes,yes
akazu,426613900,2008-10-14 PM3:58,??,23,8,http://weibo.com/u/1752356382,359,4486,yes,yes
???,567100120,2008-10-14 PM8:09,??,23,22,http://weibo.com/u/1740100201,762,1471,yes,yes
happy??,438953137,2008-9-30 PM1:44,??,24,94,http://weibo.com/u/1241316482,1347,4908,yes,yes
?DAVID,527373568,2008-10-1 PM4:06,??,24,105,http://weibo.com/u/1748003610,786,209,yes,yes
???,238439612,2008-10-2 PM2:32,??,24,123,http://weibo.com/u/1560843832,3529,554,yes,yes
?????V,674748417,2008-10-4 AM11:42,??,24,75,http://weibo.com/u/1742771892,1994,32692,yes,yes
qwerty,293632400,2008-10-7 AM11:19,??,24,6,None,0,0,yes,yes
???,904857659,2008-9-30 PM2:06,??,25,62,http://weibo.com/u/1937745542,160,607,yes,yes
??su,728173314,2008-10-2 PM2:20,??,25,14,http://weibo.com/u/1601396282,585,8750,yes,yes
katzech,230472671,2008-10-2 AM10:24,??,26,36,http://weibo.com/u/1072626825,314,1852,yes,yes
Smiley??,930373613,2008-10-2 PM2:20,??,26,14,http://weibo.com/u/1603045251,646,4755,yes,yes
??J,266998688,2008-10-2 PM4:47,??,26,46,http://weibo.com/u/1801776084,890,581,yes,yes
??,112370161,2008-10-3 AM11:56,??,26,8,http://weibo.com/u/1657731912,220,1735,yes,yes
lshanicky,929951590,2008-10-3 PM2:58,??,26,9,http://weibo.com/u/1994200465,44,99,yes,yes
Ivy??,944644014,2008-10-6 AM11:34,??,26,58,http://weibo.com/u/1739990015,259,822,yes,yes
Annamarie_?,539692902,2008-10-6 PM2:49,??,26,32,http://weibo.com/u/1627462604,317,191,yes,yes
Nini,750421661,2008-10-12 PM3:28,??,26,168,http://weibo.com/u/1762868391,673,983,yes,yes
